<?xml version="1.0" encoding="UTF-8" standalone="yes"?>
    <addon id="repository.GreenRevolution" name="[COLOR lime]Green Revolution Repository[/COLOR]" version="4.0" provider-name="Green Team">
        <requires>
            <import addon="xbmc.addon" version="12.0.0"/>
        </requires>
        <extension point="xbmc.addon.repository" name="[COLOR lime]Green Revolution Repository[/COLOR]">
            <info compressed="false">https://repo.bilosta.org/green/addons.xml</info>
            <checksum>https://repo.bilosta.org/green/addons.xml.md5 </checksum>
            <datadir zip="true">https://repo.bilosta.org/green/</datadir>
            <hashes>false</hashes>
		  
        </extension>
        <extension point="xbmc.addon.metadata">
            <summary>Please do NOT post this Repository on Youtube, Facebook, Blogs or anywhere on the internet, thank you.</summary>
            <description>This repository nor the addons within does not form part of the Kodi Media Centre. Please do not seek assistance with this repository or the addons from any of the Official Kodi Support Channels.The authors do not host any of the content in these addons and takes no responsibility for content found</description>
            <platform>all</platform>
            <genre>movies</genre>
			<assets>
            <icon>icon.png</icon>
            <fanart>fanart.jpg</fanart>    
            </assets>
        </extension>
    </addon>