<?xml version="1.0" encoding="UTF-8"?>
<addon id="repository.lucifer" name="[COLOR red]Lucifer's Repository[/COLOR]" version="0.0.2" provider-name="@LuciferOnKodi">
    <extension point="xbmc.addon.repository" name="[COLOR red]Lucifer's Repository[/COLOR]">
    <dir>
        <info compressed="false">https://raw.githubusercontent.com/Colossal1/repository.colossus.common/master/addons.xml</info>
        <checksum>https://raw.githubusercontent.com/Colossal1/repository.colossus.common/master/addons.xml.md5</checksum>
        <datadir zip="true">https://raw.githubusercontent.com/Colossal1/repository.colossus.common/master/</datadir>
    </dir>
        <info compressed="false">https://raw.githubusercontent.com/LuciferOnKodi/repository.lucifer/master/addons.xml</info>
        <checksum>https://raw.githubusercontent.com/LuciferOnKodi/repository.lucifer/master/addons.xml.md5</checksum>
        <datadir zip="true">https://raw.githubusercontent.com/LuciferOnKodi/repository.lucifer/master/</datadir>
    </extension>
    <extension point="xbmc.addon.metadata">
        <summary>Welcome to the Devil's playground.</summary>
        <description>If you enjoy my add-ons and have the means, please consider donating some BTC to 1HfkHcc8pZNCpCdPHmWvthwFkhzvpBc2ZH. All donations go towards ongoing uncovered medical expenses. #SupportTheDevsWhoCare</description>
        <platform>all</platform>
    </extension>
</addon>